row ID,row m/z,row retention time,row ion mobility,row ion mobility unit,row CCS,correlation group ID,annotation network number,best ion,auto MS2 verify,identified by n=,partners,neutral M mass,Mavert00557.mzXML Peak area,Mavert00558.mzXML Peak area,Mavert00560.mzXML Peak area,Mavert00556.mzXML Peak area,Mavert00559.mzXML Peak area,Mavert00567.mzXML Peak area,Mavert00561.mzXML Peak area,Mavert00566.mzXML Peak area,Mavert00568.mzXML Peak area,
2,200.10293947095303,1.1669999,,,,,,,,,,,0,0,520.96765,0,194.71649,0,824.10626,0,0,
3,268.10406144898974,1.1877944,,,,,,,,,,,0,91.8164,1549.6992,0,872.66187,0,1839.9409,92.71474,22.490227,
4,140.03410204588465,1.2203528,,,,,,,,,,,0,0,1653.661,0,1712.2303,753.6302,1541.3962,839.32983,754.12286,
6,255.0864624930136,1.3463111,,,,,,,,,,,0,0,784.5768,0,694.2428,380.95084,1334.9227,555.7364,445.57288,
8,144.0476605298171,1.4113426,,,,,,,,,,,203.76877,360.2992,1551.0436,181.8766,1396.7223,1581.4224,1656.9929,1545.9296,1589.4523,
9,158.0270257491729,1.6438334,,,,,,,,,,,1547.3285,1944.4769,1004.1871,1787.0333,930.05774,2355.8237,1122.2122,2191.364,2345.5012,
11,171.0651692833769,1.7640554,,,,,,,,,,,577.0923,653.914,0,556.5441,0,856.29004,0,698.66986,902.3671,
15,243.08670304745405,1.8273916,,,,35,,,,,,,782.17065,786.6106,0,512.31976,0,3210.2747,0,2761.0925,3191.434,
16,363.05248684770294,1.8273916,,,,35,,,,,,,1075.0038,835.8225,0,715.97675,0,3476.398,0,2704.7808,3230.115,
17,155.07018989011928,1.8296305,,,,35,,,,,,,2763.3257,2562.7651,0,2327.2466,0,7286.5913,0,6111.2974,7395.6294,
18,137.05963865510333,1.8318639,,,,35,,,,,,,7872.511,7784.205,0,6928.7666,0,15426.341,0,13470.531,15341.441,
19,251.07550452846138,1.8318639,,,,35,,,,,,,4102.5063,4318.6445,0,3408.5283,0,13475.084,0,11130.599,13462.734,
20,324.14526591808647,1.8923249,,,,,,,,,,,0,0,1327.8424,0,1177.9153,0,1851.9795,199.83556,0,
21,127.03876513803387,1.9900761,,,,,,,,,,,277.69113,347.93417,1876.1946,264.10883,1722.8938,2053.94,1992.7992,1879.7319,2108.5017,
22,322.12973957762244,2.0216196,,,,,,,,,,,0,0,16955.328,0,14686.772,5702.1665,18666.645,6292.959,5401.6045,
23,249.07346671368649,2.1019862,,,,,,,,,,,0,0,18041.531,0,14231.142,16097.003,21122.414,13963.807,15385.611,
24,139.0753041522573,2.1243443,,,,,,,,,,,0,0,0,0,0,5034.74,0,5086.3174,5090.092,
25,179.06798291921572,2.1243443,,,,,,,,,,,0,0,0,0,0,1537.2506,0,1627.7002,1794.0289,
26,211.06016439974178,2.1488833,,,,,,,,,,,0,0,1082.0465,0,1133.0098,971.72266,1168.6404,1079.6449,802.70123,
27,141.05456389292488,2.2195923,,,,,,,,,,,277.7131,478.52872,2316.9978,467.79065,2282.593,3474.1196,2579.1982,3206.0876,3319.615,
28,268.1444861713556,2.24075,,,,,,,,,,,0,0,1069.8031,0,704.9644,0,1314.7991,0,0,
29,268.1443759276051,2.3806555,,,,,,,,,,,0,0,1030.2983,0,694.78687,0,1319.3978,0,0,
30,326.1862308485219,2.4036028,,,,,,,,,,,0,0,2495.9617,0,2103.0366,590.03845,2853.5583,582.1939,519.07947,
31,257.1649314200503,2.6120777,,,,,,,,,,,0,0,5071.0303,0,4651.9336,2994.6243,5944.8486,3337.6118,2620.1045,
32,226.1227859109952,2.616575,,,,,,,,,,,0,0,1334.3486,0,1195.865,603.0337,1368.4053,818.8982,536.9637,
34,312.0866061365998,2.6546443,,,,,,,,,,,689.91003,977.8432,0,1164.8011,0,0,0,0,0,
39,277.0683476083862,2.7714446,,,,16,0,[M+Na]+,,3,41;42;39,254.07919,0,0,41372.543,0,37841.684,72001.32,50152.332,62625.984,66132.12,
38,531.1471323463417,2.7714336,,,,16,,,,,,,0,0,1969.0594,0,1312.4271,7074.016,2911.4995,5528.8247,6088.734,
41,255.08648256384038,2.7984362,,,,16,0,[M+H]+,,2,39;41,254.07919,0,0,41450.152,0,39195.02,59598.26,47832.812,54032.965,56079.676,
42,237.07594262130047,2.8006752,,,,16,0,[M-H2O+H]+,,2,39;42,254.07919,0,0,36253.973,0,34440.086,50060.277,40877.2,46259.707,47976.305,
43,195.0652639500257,2.8358443,,,,16,,,,,,,0,0,3836.859,0,2533.3582,5990.7686,4208.5166,5368.775,5437.821,
45,208.11222042438305,2.879464,,,,,,,,,,,0,0,898.12683,0,739.685,508.29764,928.7604,596.8799,287.93814,
46,257.1648852084078,2.879464,,,,,,,,,,,0,0,3784.4333,0,2890.9673,1889.4873,3540.9277,2245.7034,1461.7588,
47,275.0550500561441,2.9963253,,,,,,,,,,,0,0,332.67355,0,876.21857,1597.0603,622.67487,1442.1321,1696.2346,
48,403.06600757248617,2.9963253,,,,,,,,,,,0,0,713.856,0,1698.7441,2999.5337,1062.936,2545.9668,2855.3948,
49,255.149344856369,3.0052557,,,,,,,,,,,0,0,6937.32,0,4998.7866,3787.9263,6430.181,4485.6953,3366.4463,
50,231.0629155045167,3.0754776,,,,,,,,,,,1062.4404,1256.9631,0,1265.3846,0,1488.6017,0,1348.5125,1400.3906,
51,197.11743269438648,3.2011888,,,,21,2,[M-H2O+H]+,,1,52,214.12078,0,0,0,0,0,2930.9553,0,2869.3955,3293.3674,
52,237.11006582354239,3.2056665,,,,21,2,[M+Na]+,,2,52;51,214.12078,0,0,0,0,0,9925.488,0,9386.135,10030.947,
56,334.1262482916288,3.2865555,,,,32,,,,,,,0,0,0,0,0,2280.1367,0,1963.5482,2052.154,
58,309.1335845811248,3.2910557,,,,32,3,[M-H2O+H]+,,2,60;58,326.13681,0,0,0,0,0,5620.5283,0,5194.6094,5565.882,
59,327.14409379569366,3.2910557,,,,32,3,[M+H]+,,2,60;59,326.13681,0,0,0,0,0,4088.2131,0,3576.5474,4099.068,
60,349.1259429095268,3.2910557,,,,32,3,[M+Na]+,,3,60;58;59,326.13681,0,0,0,0,0,4398.8066,0,3916.1267,4215.632,
63,687.2324388657577,3.3355722,,,,,,,,,,,0,0,920.2527,0,646.6624,318.92242,1534.192,288.37445,301.6353,
66,253.03444190704113,3.384661,,,,,,,,,,,0,0,1282.3379,0,1394.9584,1016.64404,1476.3007,1376.9337,943.0273,
65,251.0890803045834,3.400389,,,,,,,,,,,0,0,13698.06,0,9277.665,31159.574,36749.15,27207.771,29516.645,
67,674.2962319788058,3.4130723,,,,,,,,,,,3498.697,3123.599,0,3212.0781,0,511.99713,0,474.1988,594.1742,
68,241.17005040172197,3.415576,,,,29,,,,,,,6822.124,8420.693,200095.4,8588.271,186497.5,165324.72,196066.75,179618.67,151402.11,
70,242.17335416785025,3.4211223,,,,29,,,,,,,997.0247,1329.9128,50428.266,1368.552,45643.59,35279.94,48976.17,40565.14,29374.338,
72,167.07031766230318,3.4739945,,,,,,,,,,,298.66885,564.39435,0,502.84464,0,0,0,0,0,
75,193.08605132809373,3.4872944,,,,19,7,[M-H2O+H]+,,2,96;95,210.08926,0,0,28560.215,0,26185.324,29211.766,32726.951,25412.207,27277.31,
77,327.1258700128128,3.4895222,,,,19,,,,,,,0,0,3426.679,0,2759.6924,2695.2747,4262.781,2142.438,2559.8623,
78,335.1144099664105,3.489528,,,,19,,,,,,,0,0,5417.2344,0,3055.999,4484.969,6440.0796,3762.5994,4471.9956,
84,211.09647123171942,3.491781,,,,19,7,[M+H]+,,3,96;84;95,210.08926,0,0,377706.62,0,339881.97,375156.1,437645.25,332006.38,355636.72,
82,440.15951078211907,3.4917943,,,,,,,,,,,0,0,2495.8174,0,1967.752,1718.1985,3356.936,1101.2258,1541.8092,
85,687.2323965679398,3.4939137,,,,19,,,,,,,0,0,2925.186,0,2218.564,2195.1968,3808.4697,1530.7866,2007.4935,
86,175.07542514480596,3.4940252,,,,19,,,,,,,0,0,5826.452,0,5257.003,5908.2324,7020.8813,4846.291,5424.1147,
88,273.07126261584773,3.4962056,,,,19,,,,,,,0,0,7032.192,0,6387.2085,2894.355,8103.7275,2933.9204,6054.5864,
89,477.14323589858554,3.4984615,,,,19,,,,,,,0,0,7310.0,0,6519.3945,5256.198,8658.819,4404.386,4929.014,
83,251.08907272877946,3.4985085,,,,19,,,,,,,0,0,32064.773,0,28667.936,14071.504,15006.119,11812.03,13422.803,
95,443.16747102572754,3.5051415,,,,19,7,[2M+Na]+,,3,84;75;95,210.08926,0,0,48716.613,0,44492.758,46395.87,55848.32,40767.0,44406.46,
96,233.07858409982012,3.511864,,,,19,7,[M+Na]+,,3,96;84;75,210.08926,0,0,391916.2,0,361200.72,387384.06,441282.06,347128.7,372402.34,
98,389.1245037067806,3.5176861,,,,,,,,,,,2884.8286,3580.8022,0,3570.7007,0,2126.1611,0,1913.7198,2228.6125,
100,311.1026594399421,3.547589,,,,,,,,,,,0,0,932.3937,0,1576.8676,1286.217,1132.0768,1366.3453,836.6755,
101,347.11018409625467,3.6467056,,,,22,8,[M+Na]+,,3,102;103;101,324.12098,0,0,0,0,0,2891.5933,0,2765.8608,2939.8572,
102,307.11771432747213,3.6512,,,,22,8,[M-H2O+H]+,,2,102;101,324.12098,0,0,0,0,0,6964.8164,0,6613.7905,7007.9575,
103,325.1282575425886,3.6512334,,,,22,8,[M+H]+,,1,101,324.12098,0,0,0,0,0,2134.3726,0,2193.6165,2222.22,
106,383.1701567829564,3.687072,,,,46,9,[M+H]+,,2,104;106,382.16296,0,0,0,0,0,7748.0894,0,6905.704,7831.5615,
104,405.1522579085393,3.687072,,,,46,9,[M+Na]+,,2,104;106,382.16296,0,0,0,0,0,3410.1777,0,2932.2625,2025.1917,
108,209.08093372675148,3.7314835,,,,,,,,,,,0,0,4849.6914,0,5555.875,14506.063,6597.7075,13460.683,13326.261,
109,354.2176906749032,3.7333,,,,,,,,,,,0,0,0,0,1186.807,0,0,0,0,
107,425.21715283741923,3.7514775,,,,37,10,[M+H]+,,2,112;107,424.20987,0,0,0,0,0,2929.1475,0,2955.252,1923.7407,
112,447.1990774951582,3.7559721,,,,37,10,[M+Na]+,,2,112;107,424.20987,0,0,0,0,0,3909.0613,0,6488.8867,6520.6724,
113,325.2273199531998,3.7734945,,,,,,,,,,,0,0,4367.194,0,3755.3372,3479.9714,4514.3633,4452.426,2829.9583,
114,292.1180605756498,3.7829666,,,,50,,,,,,,0,0,0,0,0,2667.6406,0,2414.351,2606.0842,
115,310.1286362459001,3.7829666,,,,50,,,,,,,0,0,0,0,0,2059.077,0,1954.5159,2042.7806,
116,395.1114867218583,3.8518143,,,,45,11,[M+Na]+,,2,116;117,372.12221,3579.5774,4159.861,0,4271.9487,0,2364.4043,0,2305.043,2812.0403,
117,373.12941933732833,3.8540528,,,,45,11,[M+H]+,,2,116;117,372.12221,31939.967,40262.066,0,39997.285,0,28235.057,0,26766.791,30307.723,
118,407.20647182448965,3.8685277,,,,,,,,,,,0,0,0,0,0,1671.7686,0,1707.6525,1666.2135,
121,492.2239021861032,3.8903224,,,,,,,,,,,0,0,2642.2407,0,2807.7837,398.1628,1966.2059,394.50226,462.50732,
122,275.05509341221347,3.90505,,,,,,,,,,,0,0,8311.507,0,11202.607,17931.475,11374.133,12003.281,16138.696,
123,383.1601866435688,3.9651473,,,,20,,,,,,,0,0,1951.0767,0,1837.8744,1842.0446,2336.9412,1577.7651,1634.2274,
124,313.03175699309594,3.967394,,,,20,12,[M+Na]+,,2,124;125,290.04264,0,0,887.9607,0,1876.145,1203.0402,901.6668,1389.7255,1259.1493,
125,273.0394613519268,3.9696417,,,,20,12,[M-H2O+H]+,,1,124,290.04264,0,0,2004.0687,0,3930.0798,2640.3335,2002.3538,2412.8853,2222.664,
128,423.20143130659545,4.0196056,,,,38,13,[M+H]+,,2,129;128,422.19412,0,0,0,0,0,7793.1265,0,7978.3174,8099.218,
129,445.1832975879349,4.0196056,,,,38,13,[M+Na]+,,2,129;128,422.19412,0,0,0,0,0,22493.178,0,20891.564,22034.914,
132,393.1512889717624,4.030083,,,,47,14,[M+H]+,,1,130,392.14398,0,0,2450.5051,0,2163.7354,1865.5854,3037.3296,1514.7324,1415.4744,
130,415.13316610699644,4.030083,,,,47,14,[M+Na]+,,2,132;130,392.14398,0,0,1610.25,0,1535.7207,1135.3894,2016.4838,1055.0259,1066.5378,
133,179.07035782601747,4.083914,,,,,,,,,,,0,0,7631.967,0,6992.671,3606.6248,8624.394,3013.6504,3396.1702,
134,522.2486884787164,4.0882,,,,28,,,,,,,4920.2944,5500.366,0,5907.17,0,6026.2603,0,5677.4263,6173.6187,
135,361.12599254143765,4.091483,,,,28,15,[M+Na]+,,2,135;138,338.1367,0,0,0,0,0,4259.505,0,3954.116,4651.4087,
136,181.0860140854704,4.094908,,,,28,,,,,,,28041.309,39787.41,0,38226.555,0,6725.8086,0,5061.066,7233.9043,
138,339.143911056689,4.0959888,,,,28,15,[M+H]+,,2,135;138,338.1367,0,0,0,0,0,4297.5503,0,3638.752,3876.1682,
140,403.13680896190823,4.100489,,,,5,16,[M+Na]+,,3,141;142;140,380.14743,0,0,0,0,0,4170.6226,0,3491.8875,4332.544,
141,363.1440590200612,4.127439,,,,5,16,[M-H2O+H]+,,2,141;140,380.14743,0,0,0,0,0,4350.9487,0,3542.458,4419.991,
142,381.15463680630177,4.127439,,,,5,16,[M+H]+,,2,142;140,380.14743,0,0,0,0,0,8081.1724,0,6739.2334,7960.34,
143,280.19079486402404,4.1736608,,,,34,,,,,,,5002.19,6332.6274,0,6014.201,0,10578.021,0,9175.094,10120.21,
144,262.18025697767325,4.180367,,,,34,,,,,,,35887.684,43143.445,0,41281.883,0,73526.4,0,65220.016,72081.46,
145,308.18572338652945,4.191611,,,,,,,,,,,1248.4095,1284.6805,0,1575.276,0,1435.0009,0,1205.9099,1767.9625,
146,195.0653233472463,4.1923532,,,,,,,,,,,0,307.04327,0,180.44824,0,2710.0564,0,2350.0356,2809.105,
148,337.09175214099264,4.2207,,,,,,,,,,,0,0,1181.9205,0,1189.3167,818.40283,1403.5543,850.03064,705.85156,
149,453.2750526315313,4.2219276,,,,,,,,,,,0,0,0,0,0,3952.2678,0,2877.558,2681.5972,
150,256.1572594746085,4.2492223,,,,39,,,,,,,0,0,2935.592,0,2551.977,2470.1238,2936.9417,3055.1228,1885.7291,
151,325.22740094020077,4.2492223,,,,39,,,,,,,0,0,13212.018,0,11481.773,10641.977,13757.657,13315.31,8844.845,
153,445.18362972436927,4.2624335,,,,,,,,,,,0,0,0,0,0,3174.626,0,3251.1177,3237.6948,
154,423.2016152504227,4.2669277,,,,,,,,,,,0,0,0,0,0,1431.6045,0,1417.2632,1476.2325,
155,401.0504725594383,4.3040276,,,,,,,,,,,0,0,2884.6675,0,3701.9067,3366.29,2815.2607,3439.3108,2980.7134,
156,418.18737753934437,4.382089,,,,,,,,,,,0,0,10466.639,0,10168.19,2121.584,6769.0967,2033.9719,1601.886,
158,275.0915307179082,4.4279194,,,,27,17,[M+H]+,,3,159;160;158,274.08419,0,0,7175.4062,0,7743.663,12212.662,8244.836,11975.718,11979.944,
159,297.07339314795996,4.4279194,,,,27,17,[M+Na]+,,2,159;158,274.08419,0,0,9882.665,0,11511.151,13153.917,11120.073,12934.166,12931.127,
160,571.1575050061086,4.4279194,,,,27,17,[2M+Na]+,,2,160;158,274.08419,0,0,5830.4014,0,6287.375,9439.791,6974.289,9793.919,10503.798,
161,211.09651503601734,4.4414663,,,,,,,,,,,0,0,1803.9436,0,653.3301,0,2337.0044,0,147.6959,
162,443.1678301669374,4.472605,,,,,,,,,,,0,0,0,0,0,4023.4177,0,4118.6665,4106.542,
164,451.25928789862064,4.4861164,,,,,,,,,,,0,0,0,0,0,6424.0117,0,4955.6865,3922.8096,
165,405.1909413570972,4.5234165,,,,12,18,[M-H2O+H]+,,2,165;167,422.19421,0,0,0,0,0,5786.235,0,5684.0103,6009.696,
166,423.2015006003888,4.5234165,,,,12,18,[M+H]+,,2,166;167,422.19421,0,0,0,0,0,5738.11,0,5661.0415,5850.068,
167,445.1833788816575,4.5234165,,,,12,18,[M+Na]+,,3,166;165;167,422.19421,0,0,0,0,0,12729.121,0,12404.957,12878.427,
168,166.0862126127838,4.549089,,,,,,,,,,,0,0,714.9204,0,429.44058,0,789.2014,0,0,
170,319.1175364657951,4.5503163,,,,6,19,[M-H2O+H]+,,2,170;172,336.12095,0,0,0,0,0,7692.8574,0,6810.3643,7263.452,
171,337.128284625125,4.5503163,,,,6,19,[M+H]+,,2,171;172,336.12095,0,0,0,0,0,3700.6113,0,3283.9363,3728.7927,
172,359.11024531278446,4.5503163,,,,6,19,[M+Na]+,,3,171;170;172,336.12095,0,0,0,0,0,4223.005,0,3856.8354,4078.4893,
173,341.22221173207157,4.562475,,,,,,,,,,,0,0,975.8562,0,837.7705,1745.8922,563.61804,2620.3174,1646.9076,
174,409.1858501289171,4.563761,,,,,,,,,,,0,0,0,0,0,1507.4946,0,1447.9639,1621.9972,
175,458.23606490869884,4.5736556,,,,,,,,,,,0,0,2276.8813,0,1662.6227,1570.2946,3128.5276,1459.2566,1144.9746,
177,160.56084182078084,4.600578,,,,13,,,,,,,0,0,6862.6196,0,4378.5093,2127.0393,8343.263,2971.119,1894.3342,
178,322.12967620626335,4.600578,,,,13,,,,,,,0,0,5935.7905,0,3911.0544,1899.471,7537.0415,2735.0356,1865.6289,
179,390.19222639106306,4.600578,,,,13,,,,,,,0,0,125781.34,0,88663.68,48888.48,139008.17,65715.484,46860.992,
176,391.19548652464954,4.600578,,,,13,,,,,,,0,0,31239.068,0,20695.232,11585.345,36540.188,15319.104,10670.239,
181,370.20132019130693,4.6382556,,,,,,,,,,,646.3365,778.85406,0,751.0636,0,989.00745,0,886.6168,859.35297,
182,273.07577471653775,4.7117395,,,,,,,,,,,0,0,378.78625,0,0,1049.3279,287.0183,1397.3907,917.38574,
183,550.3023276986155,4.71215,,,,,,,,,,,0,0,1836.6755,0,1693.0164,1151.4122,2385.2886,1328.6191,1044.9543,
184,520.2326370707627,4.7224975,,,,,,,,,,,42278.105,53640.61,0,53304.6,0,40583.926,0,39651.23,44852.914,
186,295.21687526296836,4.752169,,,,,,,,,,,0,0,1249.5735,0,1261.1584,1012.86743,1438.6211,1100.4711,823.2216,
187,443.1677754131352,4.788011,,,,,,,,,,,0,0,0,0,0,2569.627,0,2754.6619,3027.6528,
189,309.2325744611207,4.826922,,,,,,,,,,,0,0,420001.8,0,412338.6,401023.84,419331.72,412217.06,371708.62,
191,354.20660625958106,4.8554134,,,,,,,,,,,931.42194,1200.1066,0,1303.1628,0,302.14902,0,0,428.9395,
190,310.23602851879707,4.8653502,,,,,,,,,,,0,0,283753.2,0,270693.44,218536.88,239256.98,245638.23,207940.72,
193,653.4344349938425,4.8692384,,,,,,,,,,,0,0,2562.5623,0,2196.6194,2111.1384,2577.4507,2519.8535,1870.8073,
201,275.05517430813273,4.9333334,,,,,,,,,,,0,0,1576.7546,0,2654.5942,4790.595,1679.5055,4141.1562,4415.4893,
202,359.1503030379133,4.949592,,,,,,,,,,,3417.3652,4654.1533,0,4345.114,0,1452.218,0,968.45996,1224.0945,
203,325.22737743908357,5.0363975,,,,,,,,,,,0,0,1765.7383,0,1378.6779,1260.594,1780.4668,1807.1488,1159.5236,
204,354.20645145945235,5.0956364,,,,4,,,,,,,6929.33,8174.134,0,7900.1104,0,9381.734,0,8832.852,9559.788,
205,372.2169868067527,5.0956364,,,,4,,,,,,,2087.2236,2334.58,0,2315.5056,0,2821.0386,0,2322.3901,2516.6484,
206,381.06054013726254,5.0976834,,,,,,,,,,,0,0,2120.0405,0,1900.7922,2080.542,2341.567,2003.8134,1796.944,
207,506.2536605366765,5.1068416,,,,,,,,,,,1612.7283,2069.4917,0,2102.97,0,1715.5002,0,1738.6855,1838.4382,
208,293.1020409148989,5.1179004,,,,,,,,,,,0,0,2764.2974,0,2708.865,1628.6097,3333.0808,1372.8025,1558.483,
209,419.23303249542647,5.1413336,,,,,,,,,,,0,0,778.7217,0,1210.0319,811.72284,927.6892,859.23627,540.54926,
210,375.1407099146991,5.207147,,,,14,20,[M+H]+,,3,210;215;214,374.13345,0,0,23233.303,0,24100.553,16648.879,28307.482,17193.504,16273.507,
214,397.1226825917594,5.2138834,,,,14,20,[M+Na]+,,3,210;215;214,374.13345,0,0,20968.379,0,21892.268,15915.75,25154.943,16166.966,16205.506,
215,413.0965982528042,5.2138834,,,,14,20,[M+K]+,,3,210;215;214,374.13345,0,0,3490.1953,0,3461.9026,2168.2925,3877.9243,2271.1484,2376.2993,
216,771.2560975197706,5.2138834,,,,,,,,,,,0,0,2443.8943,0,3304.239,2064.2993,3863.1265,1802.6554,1997.8938,
218,381.13229508147805,5.234155,,,,49,21,[M+Na]+,,2,217;218,358.14301,2030.423,2467.374,0,2642.6042,0,1135.9778,0,1084.0712,1300.5333,
217,359.1502203453452,5.2364054,,,,49,21,[M+H]+,,2,217;218,358.14301,16088.515,22450.498,0,22667.354,0,14452.571,0,13834.995,16589.568,
219,391.1753322844193,5.268934,,,,36,22,[M+H]+,,2,220;219,390.16797,0,0,0,0,0,3643.968,0,3737.1362,4021.324,
220,413.15710388583517,5.268934,,,,36,22,[M+Na]+,,2,219;220,390.16797,0,0,0,0,0,2800.8523,0,2871.7083,3057.6636,
221,262.180264670362,5.2759223,,,,,,,,,,,1376.2172,1695.6116,0,1665.8768,0,3741.9536,0,3672.1924,4159.3696,
222,321.09685370854385,5.281033,,,,,,,,,,,0,0,1730.1061,0,1750.0171,1601.9633,2009.7716,1311.1154,1446.3148,
223,195.10153189662591,5.375183,,,,,,,,,,,557.76324,993.41144,0,966.9005,0,0,0,0,0,
224,375.14075543646686,5.385172,,,,52,23,[M+H]+,,2,224;225,374.13351,0,0,11693.992,0,12023.8,8317.684,13726.581,9249.694,8622.16,
225,397.12276040775646,5.385172,,,,52,23,[M+Na]+,,2,224;225,374.13351,0,0,6256.46,0,6145.8975,4267.5747,7072.3965,4690.715,4257.9897,
227,547.2529294794189,5.40887,,,,41,24,[M+Na]+,,2,227;226,524.26364,1353.8959,1560.6306,326.35272,1456.474,272.6703,1047.0265,428.09845,1133.5388,1062.889,
226,525.270844045238,5.4103646,,,,41,24,[M+H]+,,2,227;226,524.26364,2154.5176,2425.052,630.4537,2126.0967,442.05298,1569.2346,762.7055,1899.997,1636.5851,
228,370.2014148407524,5.4292583,,,,,,,,,,,943.13855,1091.2242,0,1146.7963,0,1060.3018,0,847.8106,1187.8098,
229,280.190878463758,5.4300666,,,,,,,,,,,0,140.96832,0,0,0,843.81647,0,718.75195,988.10767,
230,564.2816987658382,5.4839115,,,,,,,,,,,0,0,1236.4774,0,912.11475,821.3555,1369.8964,850.4452,890.3963,
231,357.1346217404377,5.5131392,,,,,,,,,,,2887.305,3193.4507,0,3268.0708,0,3319.551,0,3008.7725,3369.4382,
232,355.04246552115023,5.5167727,,,,,,,,,,,0,0,997.4205,0,831.90186,317.74716,1444.6901,135.53096,323.87347,
233,389.15963528759215,5.5357614,,,,,,,,,,,0,0,0,0,0,3534.1204,0,3412.5457,3611.692,
234,354.20652322983324,5.5426497,,,,,,,,,,,375.08426,572.4505,0,554.9068,0,978.81323,0,994.666,1147.4324,
235,309.2325233849828,5.627189,,,,,,,,,,,0,0,14974.278,0,12657.749,16870.928,15172.545,13585.933,9622.595,
236,403.2115250372733,5.687458,,,,,,,,,,,3157.4097,4262.5947,0,4347.5894,0,2027.2039,0,1782.9398,2092.2075,
237,750.2843452619195,5.707972,,,,40,25,[M+Na]+,,2,237;238,727.2951,0,0,2875.0574,0,2780.3345,3745.735,3028.1262,4030.8284,3940.984,
238,728.3023464490421,5.709575,,,,40,25,[M+H]+,,1,237,727.2951,0,0,898.5383,0,812.65784,1536.0442,947.05475,1646.6226,1422.1337,
239,425.1934413851664,5.7478976,,,,,,,,,,,6523.5103,8443.678,0,8751.221,0,3675.172,0,3038.3352,4039.7651,
240,490.2586839158832,5.7770886,,,,,,,,,,,1596.4253,2643.0076,0,2662.4495,0,2071.2307,0,2462.6213,2434.5127,
242,436.1965235611246,5.783808,,,,23,26,[M+H]+,,2,243;242,435.18918,0,0,9979.032,0,8700.705,5696.39,11244.949,5427.6455,5160.5957,
243,458.1783386514667,5.783808,,,,23,26,[M+Na]+,,2,243;242,435.18918,0,0,11070.027,0,10023.089,7115.4346,12419.704,6454.195,6192.5337,
244,531.2576965153196,5.792491,,,,17,27,[M+Na]+,,2,245;244,508.26843,2383.403,2503.6785,648.6681,2603.687,641.6469,1237.5255,738.69934,1005.9809,1233.3058,
245,509.27566184338434,5.795489,,,,17,27,[M+H]+,,1,244,508.26843,2696.1536,2941.0767,496.75122,2898.56,487.9679,1124.9728,628.3231,1159.1919,1450.9825,
246,305.2011696814854,5.7995496,,,,,,,,,,,0,0,2646.1157,0,2343.3906,1806.595,3182.7488,2125.101,1459.8975,
247,548.2867949572372,5.8354335,,,,10,28,[M+H]+,,2,248;247,547.27952,0,0,3005.987,0,2943.716,2206.4968,3267.8105,2306.4504,2371.6892,
248,570.2687424596813,5.8354335,,,,10,28,[M+Na]+,,2,248;247,547.27952,0,0,2545.9895,0,2014.9619,1695.8038,2522.6238,1855.1553,1659.3269,
249,504.23802794811195,5.8414216,,,,,,,,,,,497.48904,610.37244,0,667.1613,0,553.4393,0,391.6178,440.9645,
251,438.21225093594495,5.855625,,,,,,,,,,,0,0,2153.081,0,1718.1085,976.5729,2443.8184,750.5466,777.07336,
250,460.1942644785866,5.8601556,,,,,,,,,,,0,0,3888.7927,0,3052.2822,1908.5721,4138.299,1526.944,1483.8499,
253,262.1802888993487,5.931792,,,,0,,,,,,,3746.1814,4591.825,0,4382.851,0,8089.834,0,7655.4595,9046.031,
254,354.20632556663367,5.931792,,,,0,29,[M+H]+,,2,256;254,353.19911,43026.27,50537.117,0,52117.12,0,46553.246,0,41249.49,48939.117,
256,376.1883829959667,5.931792,,,,0,29,[M+Na]+,,2,256;254,353.19911,1845.298,2074.3677,0,2113.1875,0,1135.9354,0,1017.3077,1206.311,
257,386.1962341731598,5.9587,,,,,,,,,,,944.9996,1229.603,0,1233.2739,0,2591.8347,0,2473.3267,2708.9001,
258,354.2065054500063,6.026205,,,,,,,,,,,2958.6216,3719.7642,0,3797.3574,0,2328.025,0,1815.6469,2309.7292,
259,386.1963563725926,6.131369,,,,,,,,,,,453.1288,636.73456,0,573.1375,0,396.2979,0,314.70438,374.59714,
260,635.34274800992,6.1864,,,,,,,,,,,1527.2401,1726.5287,0,1055.7236,0,695.4264,0,275.7135,421.53088,
261,377.1595905574697,6.1972003,,,,,,,,,,,0,0,1523.2357,0,1497.535,1306.1381,1705.8531,1112.8678,1050.7878,
262,318.30010465287324,6.2366514,,,,,,,,,,,4410.9546,4887.2236,1461.9949,4567.7886,1225.9618,2517.7024,1629.0922,2568.7546,2574.8347,
263,278.17508124713385,6.2736917,,,,8,30,[M+H]+,,2,264;263,277.16782,345056.53,445526.1,0,379973.1,0,402224.56,0,342009.4,424271.75,
266,279.1784482545916,6.282003,,,,8,,,,,,,18861.502,29135.963,0,35319.03,0,93040.67,0,70775.91,100415.664,
264,300.1570997849712,6.2891164,,,,8,30,[M+Na]+,,2,264;263,277.16782,1095.2748,1652.4425,0,1171.8322,0,6686.1577,0,4602.5273,7748.097,
267,179.0704267187419,6.3038445,,,,,,,,,,,0,0,0,0,0,1022.86945,0,979.7993,1209.4812,
276,235.1330492647684,6.456075,,,,1,,,,,,,763.26685,987.7681,0,769.6055,0,1717.5941,0,1391.9546,1456.9226,
271,342.20642026860423,6.456075,,,,1,,,,,,,1728.6652,2144.2974,0,2021.7997,0,3921.9717,0,3607.7114,4015.5789,
272,352.1908718407814,6.456075,,,,1,33,[M-2H2O+H]+,,3,270;272;275,387.20466,4146.5,5460.66,0,5255.5063,0,9659.878,0,8811.963,9561.295,
273,370.2012127186894,6.456075,,,,1,33,[M-H2O+H]+,,3,270;275;273,387.20466,31504.092,41014.28,0,38594.43,0,68035.73,0,61956.332,68703.58,
274,388.21194613200663,6.456075,,,,1,33,[M+H]+,,3,274;270;275,387.20466,1588.5334,2618.879,0,2615.3398,0,7110.0566,0,6002.168,7171.54,
275,410.1938869627654,6.456075,,,,1,33,[M+Na]+,,4,274;272;275;273,387.20466,2718.27,4017.7095,0,3756.344,0,7317.743,0,6092.0283,7528.18,
270,432.17587384537774,6.4583054,,,,1,33,[M-H+2Na]+,,4,274;270;272;273,387.20466,1303.0171,1676.8406,0,1563.6357,0,2038.8586,0,1708.938,1675.9783,
286,292.190913474561,6.5526137,,,,15,35,[M+H]+,,3,285;286;287,291.18354,7794.1035,9076.166,0,9986.607,0,148926.9,0,150967.67,156466.03,
278,293.1941065704328,6.5526137,,,,15,,,,,,,1238.2506,1387.9302,0,1650.9368,0,34035.777,0,35596.945,37353.77,
287,314.1727117510044,6.5526137,,,,15,35,[M+Na]+,,2,286;287,291.18354,5187.2695,6122.64,0,6583.5166,0,77940.95,0,80195.56,82883.29,
285,605.3561777303022,6.5526137,,,,15,35,[2M+Na]+,,2,285;286,291.18354,291.72186,370.47485,0,396.0474,0,39904.15,0,41489.445,44837.625,
284,332.1831486046619,6.55396,,,,15,36,[M+Na]+,,2,284;286,309.19407,135.96216,135.79109,0,0,0,4135.661,0,4309.5884,4445.98,
288,536.2867918056273,6.570603,,,,,,,,,,,6738.0796,7785.1353,0,9067.127,0,3001.1729,0,3314.3293,3625.0906,
289,453.1674255030565,6.619818,,,,18,37,[M+K]+,,2,290;289,414.20424,3966.2988,3221.0244,4478.865,3543.615,4946.708,2075.4778,4405.826,1941.0665,2483.2192,
290,437.1934256749268,6.621322,,,,18,37,[M+Na]+,,2,290;289,414.20424,4172.1094,3505.522,5050.502,3927.5908,5589.1655,3917.2297,5120.5283,3562.8362,4834.3433,
291,520.3395831661346,6.6802335,,,,,,,,,,,0,268.51907,1572.0148,236.87665,1134.938,874.5852,1675.046,897.4758,645.8491,
293,554.273647626358,6.7064424,,,,42,38,[M+Na]+,,2,293;292,531.28447,559.4532,640.35364,4819.2236,576.85657,4931.896,4381.629,5539.3115,4746.245,4795.1465,
292,532.2917840713368,6.707935,,,,42,38,[M+H]+,,2,293;292,531.28447,247.83063,323.89246,3748.1843,301.65488,3509.9463,3391.781,3812.206,3308.1045,3437.8647,
294,478.2927042522992,6.7318444,,,,,,,,,,,1378.8047,2306.0942,5820.3735,2045.6058,4326.784,3204.5718,6036.28,3103.9082,2550.8218,
295,461.32612887828236,6.7419724,,,,9,,,,,,,1467.0217,1936.3403,0,1480.7773,0,3904.0483,0,3593.3005,4032.539,
296,498.28263896298176,6.7482758,,,,9,,,,,,,2519.3386,3225.6914,1519.2344,3003.805,1134.8511,2866.4854,1711.0596,3252.6978,2626.0308,
297,542.3217057858951,6.7907987,,,,31,39,[M+Na]+,,2,297;298,519.33241,534.12555,751.9724,1941.0178,604.6747,1568.0472,1090.197,2230.7217,1192.3053,902.0136,
298,520.3396133661147,6.792295,,,,31,39,[M+H]+,,2,297;298,519.33241,3046.2297,4631.803,12112.454,3880.1582,8677.547,6247.2036,12783.246,6825.4604,5584.768,
299,386.1963199446946,6.804731,,,,,,,,,,,952.7373,1365.3093,0,1417.7881,0,2281.5403,0,2330.9514,2782.069,
300,515.2627022097959,6.8132534,,,,54,40,[M+Na]+,,2,301;300,492.27351,7707.772,7946.8555,4815.5835,7901.0615,4999.177,5863.254,5195.248,6293.125,6130.974,
301,493.2808176117848,6.8147497,,,,54,40,[M+H]+,,2,301;300,492.27351,2974.7957,3034.0603,2012.7572,3021.3923,1859.5638,2382.0786,2049.3767,2659.7148,2697.6255,
302,357.1673817458803,6.8871665,,,,,,,,,,,0,0,0,0,0,1637.8035,0,1464.5801,2779.3518,
303,454.2926616324089,6.890768,,,,,,,,,,,2169.2014,2889.2273,2456.431,2779.0137,1979.0663,1580.8655,2723.5422,1602.4734,1271.2584,
304,496.3396359131459,6.95398,,,,,,,,,,,598.34906,863.26904,498.6811,739.8398,279.2716,263.87027,521.0806,410.04535,105.33354,
305,481.2923679138061,7.0324388,,,,,,,,,,,501.44797,591.11194,0,987.00024,0,730.4689,0,801.4647,797.8619,
306,476.2793590575017,7.1052384,,,,,,,,,,,1465.1111,2118.6326,0,2076.2021,0,1523.7482,0,1600.8575,1693.9658,
316,683.4438205243146,7.172636,,,,,,,,,,,1154.4685,1317.4282,0,1406.5295,0,899.93225,0,950.27734,996.8934,
309,407.2943516406035,7.1748834,,,,25,41,[M-2H2O+H]+,,3,315;309;312,442.30811,9135.554,11136.631,0,11448.534,0,9003.311,0,9093.161,10135.9375,
310,425.304976078833,7.1748834,,,,25,41,[M-H2O+H]+,,3,310;315;312,442.30811,10656.385,12939.076,0,13165.364,0,9989.117,0,10293.499,11266.543,
311,443.3152717233814,7.1748834,,,,25,41,[M+H]+,,3,315;311;312,442.30811,66323.836,79577.59,0,82266.28,0,65254.957,0,66908.336,72279.26,
312,465.2971756287895,7.1748834,,,,25,41,[M+Na]+,,4,310;309;311;312,442.30811,81001.88,90456.36,0,92470.766,0,77408.71,0,79527.945,82954.92,
314,483.307867625384,7.1748834,,,,25,,,,,,,5485.147,6240.3716,0,6356.9624,0,4797.026,0,4956.7197,5010.9204,
315,907.6054515650056,7.1748834,,,,25,41,[2M+Na]+,,4,310;315;309;311,442.30811,17742.61,21709.95,0,22342.473,0,16962.65,0,16510.588,18959.03,
320,372.21702715802957,7.1886263,,,,26,,,,,,,0,450.82047,0,311.43356,0,1834.5013,0,1751.4929,2138.8975,
318,354.2063044735248,7.2021,,,,26,,,,,,,0,163.47629,0,146.81909,0,1429.5923,0,1124.8905,1475.7472,
321,474.2637915609789,7.2063165,,,,,,,,,,,2407.2954,3427.09,0,3223.7505,0,3531.9458,0,3502.8792,3778.1694,
328,352.1907985419055,7.2579055,,,,7,,,,,,,1431.9875,1879.3062,0,1836.762,0,3694.533,0,3398.685,4053.7385,
327,370.2012598344133,7.2579055,,,,7,,,,,,,3165.3005,4542.838,0,4557.5693,0,8063.476,0,8038.851,9200.412,
388,379.3359044300268,8.235901,,,,,,,,,,,9572.168,9590.096,9173.331,9213.499,11738.654,13031.129,13194.191,14182.758,14482.098,
393,479.29240471720294,8.295072,,,,,,,,,,,2355.7163,3584.3586,0,2833.8215,0,2282.4724,0,1510.4943,2252.2212,
396,493.29257809725624,8.335461,,,,,,,,,,,1169.403,1284.3661,0,1194.4224,0,748.35474,0,339.8169,668.35706,
406,380.2560703062268,8.576134,,,,,,,,,,,1163.5724,1623.4249,0,1326.9868,0,0,0,0,323.21356,
408,325.2112840965667,8.586277,,,,44,,,,,,,3630.7354,4117.734,4494.467,3836.2769,4201.998,5418.4717,4531.7495,4988.5107,4419.6826,
409,263.2370005997791,8.587759,,,,44,,,,,,,1031.4084,1424.2644,1305.1162,1244.4951,1286.5659,1892.8994,1422.2773,1706.5559,1581.3815,
414,413.34044725791244,8.892917,,,,,,,,,,,1393.8096,1651.1101,0,1958.2588,0,1388.9574,0,1427.9685,1530.8818,
415,327.22684210276947,8.948972,,,,,,,,,,,676.77856,830.8599,694.9478,653.20935,678.0656,1943.6116,805.8824,1772.5922,1901.5919,
419,338.34174687048994,9.448105,,,,,,,,,,,3411.7168,2168.4175,2217.591,4265.1797,897.44727,1299.8911,3446.129,2053.3896,1094.6038,
421,748.5333956862086,9.586477,,,,,,,,,,,0,0,3378.658,0,3345.086,2051.619,3615.9902,2247.3638,2191.068,
422,750.5489319044021,9.691552,,,,,,,,,,,0,0,766.95746,0,828.15375,628.84686,797.25006,688.5572,677.8046,
